defined_class,defined_class_label,chemical,chemical_label,material,material_label
CDNO:0200001,chemical component concentration,CDNO:0000001,dietary chemical component,BFO:0000040,material entity
CDNO:0200002,,CHEBI:15377,water,BFO:0000040,material entity
CDNO:0200003,,CDNO:0000002,dry plant matter,BFO:0000040,material entity
CDNO:0200004,,ENVO:02000090,ash,BFO:0000040,material entity
CDNO:0200005,,CHEBI:16646,carbohydrate,BFO:0000040,material entity
CDNO:0200006,,CHEBI:18154,polysaccharide,BFO:0000040,material entity
CDNO:0200007,,CHEBI:28017,starch,BFO:0000040,material entity
CDNO:0200008,,CHEBI:17309,pectin,BFO:0000040,material entity
CDNO:0200009,,CHEBI:62967,cellulose,BFO:0000040,material entity
CDNO:0200010,,CHEBI:61266,hemicellulose,BFO:0000040,material entity
CDNO:0200011,,CHEBI:15443,inulin,BFO:0000040,material entity
CDNO:0200012,,CHEBI:35381,monosaccharide,BFO:0000040,material entity
CDNO:0200013,,CHEBI:17234,glucose,BFO:0000040,material entity
CDNO:0200014,,CHEBI:28757,fructose,BFO:0000040,material entity
CDNO:0200015,,CHEBI:26546,rhamnose,BFO:0000040,material entity
CDNO:0200016,,CHEBI:16689,D-apiose,BFO:0000040,material entity
CDNO:0200017,,CHEBI:33830,galacturonic acid,BFO:0000040,material entity
CDNO:0200715,,CHEBI:18024,D-galacturonic acid,BFO:0000040,material entity
CDNO:0200018,,CHEBI:33984,fucose,BFO:0000040,material entity
CDNO:0200681,,CHEBI:18287,L-fucose,BFO:0000040,material entity
CDNO:0200019,,CHEBI:18222,xylose,BFO:0000040,material entity
CDNO:0200682,,CHEBI:65327,D-xylose,BFO:0000040,material entity
CDNO:0200020,,CHEBI:22599,arabinose,BFO:0000040,material entity
CDNO:0200683,,CHEBI:6178,L-arabinofuranose,BFO:0000040,material entity
CDNO:0200684,,CHEBI:17535,L-arabinopyranose,BFO:0000040,material entity
CDNO:0200021,,CHEBI:28260,galactose,BFO:0000040,material entity
CDNO:0200685,,CHEBI:17716,lactose,BFO:0000040,material entity
CDNO:0200686,,CHEBI:6359,lactulose,BFO:0000040,material entity
CDNO:0200716,,CHEBI:18394,6-O-α-D-glucopyranosyl-D-fructofuranose,BFO:0000040,material entity
CDNO:0200022,,CHEBI:37684,mannose,BFO:0000040,material entity
CDNO:0200687,,CHEBI:16024,D-mannose,BFO:0000040,material entity
CDNO:0200023,,CHEBI:33942,ribose,BFO:0000040,material entity
CDNO:0200024,,CHEBI:36233,disaccharide,BFO:0000040,material entity
CDNO:0200025,,CHEBI:17992,sucrose,BFO:0000040,material entity
CDNO:0200026,,CHEBI:27082,trehalose,BFO:0000040,material entity
CDNO:0200027,,CHEBI:17306,maltose,BFO:0000040,material entity
CDNO:0200028,,CHEBI:50699,oligosaccharide,BFO:0000040,material entity
CDNO:0200029,,CHEBI:74961,raffinose family oligosaccharide,BFO:0000040,material entity
CDNO:0200030,,CHEBI:16634,raffinose,BFO:0000040,material entity
CDNO:0200031,,CHEBI:17164,stachyose,BFO:0000040,material entity
CDNO:0200032,,CHEBI:28586,verbascose,BFO:0000040,material entity
CDNO:0200688,,CHEBI:30248,β-D-Gal-(1→3)-β-D-GlcNAc-(1→3)-β-D-Gal-(1→4)-D-Glc,BFO:0000040,material entity
CDNO:0200033,,CDNO:0000003,available carbohydrate,BFO:0000040,material entity
CDNO:0200034,,CDNO:0000004,free sugar,BFO:0000040,material entity
CDNO:0200035,,CDNO:0000005,dietary fibre,BFO:0000040,material entity
CDNO:0200036,,CDNO:0000006,soluble dietary fibre,BFO:0000040,material entity
CDNO:0200037,,CDNO:0000007,resistant starch,BFO:0000040,material entity
CDNO:0200038,,CDNO:0000008,insoluble dietary fibre,BFO:0000040,material entity
CDNO:0200039,,CHEBI:28796,fructan,BFO:0000040,material entity
CDNO:0200040,,CHEBI:36080,protein,BFO:0000040,material entity
CDNO:0200041,,CDNO:0000009,seed storage protein,BFO:0000040,material entity
CDNO:0200042,,CHEBI:166964,albumin type,BFO:0000040,material entity
CDNO:0200043,,CHEBI:166899,globulin type,BFO:0000040,material entity
CDNO:0200044,,CHEBI:166885,prolamin,BFO:0000040,material entity
CDNO:0200045,,CHEBI:166886,cruciferin,BFO:0000040,material entity
CDNO:0200046,,CHEBI:166887,glutenin,BFO:0000040,material entity
CDNO:0200673,,CHEBI:3815,collagen,BFO:0000040,material entity
CDNO:0200674,,CHEBI:4767,elastin,BFO:0000040,material entity
CDNO:0200675,,CHEBI:5054,fibrin,BFO:0000040,material entity
CDNO:0200676,,CHEBI:35143,hemoglobin,BFO:0000040,material entity
CDNO:0200677,,CHEBI:7044,myoglobin,BFO:0000040,material entity
CDNO:0200678,,CHEBI:190519,beta-lactoglobulin,BFO:0000040,material entity
CDNO:0200679,,CHEBI:190521,napin,BFO:0000040,material entity
CDNO:0200680,,CHEBI:190522,gliadin,BFO:0000040,material entity
CDNO:0200047,,CHEBI:16449,alanine,BFO:0000040,material entity
CDNO:0200048,,CHEBI:29016,arginine,BFO:0000040,material entity
CDNO:0200049,,CHEBI:22653,asparagine,BFO:0000040,material entity
CDNO:0200050,,CHEBI:22660,aspartic acid,BFO:0000040,material entity
CDNO:0200051,,CHEBI:15356,cysteine,BFO:0000040,material entity
CDNO:0200052,,CHEBI:18237,glutamic acid,BFO:0000040,material entity
CDNO:0200053,,CHEBI:28300,glutamine,BFO:0000040,material entity
CDNO:0200054,,CHEBI:15428,glycine,BFO:0000040,material entity
CDNO:0200055,,CHEBI:27570,histidine,BFO:0000040,material entity
CDNO:0200056,,CHEBI:24741,hydroxyproline,BFO:0000040,material entity
CDNO:0200057,,CHEBI:24898,isoleucine,BFO:0000040,material entity
CDNO:0200058,,CHEBI:25017,leucine,BFO:0000040,material entity
CDNO:0200059,,CHEBI:25094,lysine,BFO:0000040,material entity
CDNO:0200060,,CHEBI:16811,methionine,BFO:0000040,material entity
CDNO:0200061,,CHEBI:28044,phenylalanine,BFO:0000040,material entity
CDNO:0200062,,CHEBI:26271,proline,BFO:0000040,material entity
CDNO:0200063,,CHEBI:17822,serine,BFO:0000040,material entity
CDNO:0200064,,CHEBI:26986,threonine,BFO:0000040,material entity
CDNO:0200065,,CHEBI:27897,tryptophan,BFO:0000040,material entity
CDNO:0200066,,CHEBI:18186,tyrosine,BFO:0000040,material entity
CDNO:0200067,,CHEBI:27266,valine,BFO:0000040,material entity
CDNO:0200068,,CHEBI:18059,lipid,BFO:0000040,material entity
CDNO:0200069,,CHEBI:18035,diglyceride,BFO:0000040,material entity
CDNO:0200070,,CHEBI:166967,cis-fatty acid,BFO:0000040,material entity
CDNO:0200071,,CHEBI:28837,octanoic acid,BFO:0000040,material entity
CDNO:0200072,,CHEBI:42504,pentadecanoic acid,BFO:0000040,material entity
CDNO:0200073,,CHEBI:28866,tetracosanoic acid,BFO:0000040,material entity
CDNO:0200074,,CHEBI:30805,dodecanoic acid,BFO:0000040,material entity
CDNO:0200075,,CHEBI:28875,tetradecanoic acid,BFO:0000040,material entity
CDNO:0200076,,CHEBI:15756,hexadecanoic acid,BFO:0000040,material entity
CDNO:0200077,,CHEBI:32365,heptadecanoic acid,BFO:0000040,material entity
CDNO:0200078,,CHEBI:28842,octadecanoic acid,BFO:0000040,material entity
CDNO:0200079,,CHEBI:28822,icosanoic acid,BFO:0000040,material entity
CDNO:0200080,,CHEBI:28941,docosanoic acid,BFO:0000040,material entity
CDNO:0200082,,CHEBI:30768,propionic acid,BFO:0000040,material entity
CDNO:0200083,,CHEBI:27781,myristoleic acid,BFO:0000040,material entity
CDNO:0200084,,CHEBI:28716,palmitoleic acid,BFO:0000040,material entity
CDNO:0200085,,CHEBI:16196,oleic acid,BFO:0000040,material entity
CDNO:0200086,,CHEBI:59265,palmitelaidic acid,BFO:0000040,material entity
CDNO:0200087,,CHEBI:27997,elaidic acid,BFO:0000040,material entity
CDNO:0200088,,CHEBI:36023,vaccenic acid,BFO:0000040,material entity
CDNO:0200089,,CHEBI:32425,(11Z)-icos-11-enoic acid,BFO:0000040,material entity
CDNO:0200090,,CHEBI:28792,erucic acid,BFO:0000040,material entity
CDNO:0200091,,CHEBI:44247,(15Z)-tetracosenoic acid,BFO:0000040,material entity
CDNO:0200092,,CHEBI:25681,ω−3 fatty acid,BFO:0000040,material entity
CDNO:0200093,,CHEBI:32389,"all-cis-octadeca-6,9,12,15-tetraenoic acid",BFO:0000040,material entity
CDNO:0200094,,CHEBI:53460,"all-cis-icosa-11,14,17-trienoic acid",BFO:0000040,material entity
CDNO:0200095,,CHEBI:166893,eicosatetraenoic acid,BFO:0000040,material entity
CDNO:0200096,,CHEBI:77366,"6Z,9Z,12Z,15Z,18Z,21Z-tetracosahexaenoic acid",BFO:0000040,material entity
CDNO:0200097,,CHEBI:27432,α-linolenic acid,BFO:0000040,material entity
CDNO:0200098,,CHEBI:36006,icosapentaenoic acid,BFO:0000040,material entity
CDNO:0200099,,CHEBI:61204,docosapentaenoic acid,BFO:0000040,material entity
CDNO:0200100,,CHEBI:36005,docosahexaenoic acid,BFO:0000040,material entity
CDNO:0200101,,CHEBI:72785,"9-hydroxy-5E,7Z,11Z,14Z-eicosatetraenoic acid",BFO:0000040,material entity
CDNO:0200102,,CHEBI:25048,linolenic acid,BFO:0000040,material entity
CDNO:0200103,,CHEBI:36009,ω−6 fatty acid,BFO:0000040,material entity
CDNO:0200104,,CHEBI:17351,linoleic acid,BFO:0000040,material entity
CDNO:0200105,,CHEBI:53486,"all-cis-icosa-8,11,14-trienoic acid",BFO:0000040,material entity
CDNO:0200106,,CHEBI:28661,γ-linolenic acid,BFO:0000040,material entity
CDNO:0200107,,CHEBI:72850,icosadienoic acid,BFO:0000040,material entity
CDNO:0200108,,CHEBI:15843,arachidonic acid,BFO:0000040,material entity
CDNO:0200109,,CHEBI:75115,docosadienoic acid,BFO:0000040,material entity
CDNO:0200110,,CHEBI:131693,"7,10,13,16-docosatetraenoic acid",BFO:0000040,material entity
CDNO:0200111,,CHEBI:166968,trans-fatty acid,BFO:0000040,material entity
CDNO:0200112,,CHEBI:3374,capsaicin,BFO:0000040,material entity
CDNO:0200113,,CHEBI:16247,phospholipid,BFO:0000040,material entity
CDNO:0200114,,CHEBI:64482,phosphatidylcholine,BFO:0000040,material entity
CDNO:0200115,,CHEBI:16038,phosphatidylethanolamine,BFO:0000040,material entity
CDNO:0200116,,CHEBI:18303,phosphatidyl-L-serine,BFO:0000040,material entity
CDNO:0200117,,CHEBI:28874,phosphatidylinositol,BFO:0000040,material entity
CDNO:0200118,,CHEBI:60479,lysophosphatidylcholine,BFO:0000040,material entity
CDNO:0200119,,CHEBI:33563,glycolipid,BFO:0000040,material entity
CDNO:0200120,,CHEBI:24385,glycoglycerolipid,BFO:0000040,material entity
CDNO:0200121,,CHEBI:15889,sterol,BFO:0000040,material entity
CDNO:0200122,,CHEBI:36799,campestanol,BFO:0000040,material entity
CDNO:0200123,,CHEBI:16113,cholesterol,BFO:0000040,material entity
CDNO:0200124,,CHEBI:6570,lupeol,BFO:0000040,material entity
CDNO:0200125,,CHEBI:26125,phytosterol,BFO:0000040,material entity
CDNO:0200126,,CHEBI:166888,avenasterol,BFO:0000040,material entity
CDNO:0200127,,CHEBI:28604,isofucosterol,BFO:0000040,material entity
CDNO:0200128,,CHEBI:80096,delta7-avenasterol,BFO:0000040,material entity
CDNO:0200129,,CHEBI:3168,brassicasterol,BFO:0000040,material entity
CDNO:0200130,,CHEBI:28623,campesterol,BFO:0000040,material entity
CDNO:0200131,,CHEBI:16933,ergosterol,BFO:0000040,material entity
CDNO:0200132,,CHEBI:27693,sitosterol,BFO:0000040,material entity
CDNO:0200133,,CHEBI:89400,stigmastanol,BFO:0000040,material entity
CDNO:0200134,,CHEBI:28824,stigmasterol,BFO:0000040,material entity
CDNO:0200135,,CHEBI:166889,delta7-stigmasterol,BFO:0000040,material entity
CDNO:0200520,,CHEBI:24913,isoprenoid,BFO:0000040,material entity
CDNO:0200521,,CHEBI:35186,terpene,BFO:0000040,material entity
CDNO:0200522,,CHEBI:35193,tetraterpene,BFO:0000040,material entity
CDNO:0200523,,CHEBI:23042,carotene,BFO:0000040,material entity
CDNO:0200524,,CHEBI:26935,tetraterpenoid,BFO:0000040,material entity
CDNO:0200136,,CHEBI:167164,mineral nutrient,BFO:0000040,material entity
CDNO:0200137,,CDNO:0000011,macro element,BFO:0000040,material entity
CDNO:0200544,,CDNO:0000015,dietary calcium,BFO:0000040,material entity
CDNO:0200138,,CHEBI:29108,calcium(2+),BFO:0000040,material entity
CDNO:0200545,,CHEBI:190295,inorganic calcium salt,BFO:0000040,material entity
CDNO:0200546,,CHEBI:3312,calcium dichloride,BFO:0000040,material entity
CDNO:0200547,,CHEBI:3311,calcium carbonate,BFO:0000040,material entity
CDNO:0200548,,CHEBI:35437,calcium difluoride,BFO:0000040,material entity
CDNO:0200549,,CHEBI:31346,calcium sulfate,BFO:0000040,material entity
CDNO:0200550,,CHEBI:77635,calcium phosphate,BFO:0000040,material entity
CDNO:0200551,,CHEBI:35150,calcium hydroxide,BFO:0000040,material entity
CDNO:0200552,,CHEBI:31342,calcium hypochlorite,BFO:0000040,material entity
CDNO:0200553,,CHEBI:190294,calcium silicate,BFO:0000040,material entity
CDNO:0200554,,CHEBI:51031,organic calcium salt,BFO:0000040,material entity
CDNO:0200555,,CHEBI:190513,calcium citrate,BFO:0000040,material entity
CDNO:0200556,,CHEBI:31336,calcium glycerophosphate,BFO:0000040,material entity
CDNO:0200557,,CHEBI:190296,calcium stearate,BFO:0000040,material entity
CDNO:0200558,,CHEBI:190515,organic calcium compound,BFO:0000040,material entity
CDNO:0200559,,CDNO:0000016,dietary chlorine,BFO:0000040,material entity
CDNO:0200139,,CHEBI:17996,chloride,BFO:0000040,material entity
CDNO:0200560,,CHEBI:36093,inorganic chloride,BFO:0000040,material entity
CDNO:0200563,,CHEBI:6636,magnesium dichloride,BFO:0000040,material entity
CDNO:0200564,,CHEBI:32588,potassium chloride,BFO:0000040,material entity
CDNO:0200565,,CHEBI:48607,lithium chloride,BFO:0000040,material entity
CDNO:0200566,,CHEBI:36094,organic chloride salt,BFO:0000040,material entity
CDNO:0200567,,CHEBI:36683,organochlorine compound,BFO:0000040,material entity
CDNO:0200568,,CHEBI:17883,hydrogen chloride,BFO:0000040,material entity
CDNO:0200569,,CHEBI:29222,hypochlorite,BFO:0000040,material entity
CDNO:0200570,,CDNO:0000017,dietary magnesium,BFO:0000040,material entity
CDNO:0200140,,CHEBI:18420,magnesium(2+),BFO:0000040,material entity
CDNO:0200571,,CHEBI:190297,inorganic magnesium salt,BFO:0000040,material entity
CDNO:0200573,,CHEBI:190298,magnesium phosphate,BFO:0000040,material entity
CDNO:0200574,,CHEBI:35149,magnesium hydroxide,BFO:0000040,material entity
CDNO:0200575,,CHEBI:190299,organic magnesium salt,BFO:0000040,material entity
CDNO:0200576,,CHEBI:9254,magnesium distearate,BFO:0000040,material entity
CDNO:0200577,,CHEBI:31793,magnesium carbonate,BFO:0000040,material entity
CDNO:0200141,,CHEBI:25555,nitrogen atom,BFO:0000040,material entity
CDNO:0200578,,CDNO:0000018,dietary phosphorus,BFO:0000040,material entity
CDNO:0200142,,CHEBI:33468,phosphide,BFO:0000040,material entity
CDNO:0200579,,CHEBI:26078,phosphoric acid,BFO:0000040,material entity
CDNO:0200580,,CHEBI:190300,inorganic phosphate salt,BFO:0000040,material entity
CDNO:0200581,,CHEBI:37586,sodium phosphate,BFO:0000040,material entity
CDNO:0200582,,CHEBI:190301,potassium phosphate,BFO:0000040,material entity
CDNO:0200583,,CHEBI:131371,iron(3+) phosphate,BFO:0000040,material entity
CDNO:0200584,,CHEBI:190302,organic phosphate salt,BFO:0000040,material entity
CDNO:0200585,,CHEBI:190516,organic phosphate compound,BFO:0000040,material entity
CDNO:0200590,,CHEBI:11750,3-sn-phosphatidyl-L-serine,BFO:0000040,material entity
CDNO:0200592,,CDNO:0000019,dietary potassium,BFO:0000040,material entity
CDNO:0200143,,CHEBI:29103,potassium(1+),BFO:0000040,material entity
CDNO:0200593,,CHEBI:190303,inorganic potassium salt,BFO:0000040,material entity
CDNO:0200595,,CHEBI:32036,potassium sulfate,BFO:0000040,material entity
CDNO:0200596,,CHEBI:50394,organic potassium salt,BFO:0000040,material entity
CDNO:0200597,,CHEBI:63316,potassium formate,BFO:0000040,material entity
CDNO:0200598,,CHEBI:32034,potassium bitartrate,BFO:0000040,material entity
CDNO:0200599,,CDNO:0000020,dietary sodium,BFO:0000040,material entity
CDNO:0200144,,CHEBI:29101,sodium(1+),BFO:0000040,material entity
CDNO:0200600,,CHEBI:38702,inorganic sodium salt,BFO:0000040,material entity
CDNO:0200602,,CHEBI:32139,sodium hydrogencarbonate,BFO:0000040,material entity
CDNO:0200603,,CHEBI:32149,sodium sulfate,BFO:0000040,material entity
CDNO:0200604,,CHEBI:26709,sodium hydrogensulfite,BFO:0000040,material entity
CDNO:0200605,,CHEBI:50985,sodium borohydride,BFO:0000040,material entity
CDNO:0200606,,CHEBI:75229,sodium bromate,BFO:0000040,material entity
CDNO:0200607,,CHEBI:65242,sodium chlorate,BFO:0000040,material entity
CDNO:0200608,,CHEBI:33192,sodium cyanide,BFO:0000040,material entity
CDNO:0200609,,CHEBI:28741,sodium fluoride,BFO:0000040,material entity
CDNO:0200610,,CHEBI:32145,sodium hydroxide,BFO:0000040,material entity
CDNO:0200611,,CHEBI:81708,Sodium iodate,BFO:0000040,material entity
CDNO:0200612,,CHEBI:63005,sodium nitrate,BFO:0000040,material entity
CDNO:0200613,,CHEBI:38700,organic sodium salt,BFO:0000040,material entity
CDNO:0200614,,CHEBI:132764,sodium oxalate,BFO:0000040,material entity
CDNO:0200615,,CHEBI:63017,sodium L-tartrate,BFO:0000040,material entity
CDNO:0200616,,CHEBI:62965,sodium formate,BFO:0000040,material entity
CDNO:0200617,,CHEBI:52476,sodium phenolate,BFO:0000040,material entity
CDNO:0200618,,CHEBI:53258,sodium citrate,BFO:0000040,material entity
CDNO:0200619,,CDNO:0000021,dietary sulfur,BFO:0000040,material entity
CDNO:0200145,,CHEBI:15138,sulfide(2−),BFO:0000040,material entity
CDNO:0200620,,CHEBI:17359,sulfite,BFO:0000040,material entity
CDNO:0200621,,CHEBI:24840,inorganic sulfate salt,BFO:0000040,material entity
CDNO:0200622,,CHEBI:32599,magnesium sulfate,BFO:0000040,material entity
CDNO:0200623,,CHEBI:75832,iron sulfate,BFO:0000040,material entity
CDNO:0200625,,CHEBI:23414,copper(II) sulfate,BFO:0000040,material entity
CDNO:0200626,,CHEBI:25704,organic sulfate salt,BFO:0000040,material entity
CDNO:0200627,,CHEBI:33261,organosulfur compound,BFO:0000040,material entity
CDNO:0200628,,CHEBI:29256,thiol,BFO:0000040,material entity
CDNO:0200629,,CHEBI:16856,glutathione,BFO:0000040,material entity
CDNO:0200630,,CHEBI:9349,sulfonyldimethane,BFO:0000040,material entity
CDNO:0200631,,CHEBI:28262,dimethyl sulfoxide,BFO:0000040,material entity
<<<<<<< HEAD
CDNO:0200632,,CHEBI:15356,cysteine,BFO:0000040,material entity
CDNO:0200633,,CHEBI:16811,methionine,BFO:0000040,material entity
CDNO:0200634,,CHEBI:24401,glycosinolate,BFO:0000040,material entity
=======
CDNO:0200634,,CHEBI:24401,glucosinolate,BFO:0000040,material entity
>>>>>>> 306ec44f19043309f4c80e1e0c9ebbc1e819f660
CDNO:0200635,,CHEBI:79317,sinigrin,BFO:0000040,material entity
CDNO:0200636,,CHEBI:52221,isothiocyanate,BFO:0000040,material entity
CDNO:0200637,,CHEBI:73224,allyl isothiocyanate,BFO:0000040,material entity
CDNO:0200638,,CHEBI:18422,sulfur dioxide,BFO:0000040,material entity
CDNO:0200146,,CDNO:0000012,trace element,BFO:0000040,material entity
CDNO:0200147,,CHEBI:49470,aluminium(3+),BFO:0000040,material entity
CDNO:0200148,,CHEBI:49867,antimony(3+),BFO:0000040,material entity
CDNO:0200149,,CHEBI:35828,arsenic(3+),BFO:0000040,material entity
CDNO:0200150,,CHEBI:30168,boron(3+),BFO:0000040,material entity
CDNO:0200151,,CHEBI:48775,cadmium(2+),BFO:0000040,material entity
CDNO:0200639,,CDNO:0000022,dietary chromium,BFO:0000040,material entity
CDNO:0200152,,CHEBI:33006,chromium(2+),BFO:0000040,material entity
CDNO:0200640,,CHEBI:190412,inorganic chromium salt,BFO:0000040,material entity
CDNO:0200641,,CHEBI:190413,organic chromium salt,BFO:0000040,material entity
CDNO:0200153,,CHEBI:48828,cobalt(2+),BFO:0000040,material entity
CDNO:0200642,,CDNO:0000023,dietary copper,BFO:0000040,material entity
CDNO:0200154,,CHEBI:29036,copper(2+),BFO:0000040,material entity
CDNO:0200643,,CHEBI:190414,inorganic copper salt,BFO:0000040,material entity
CDNO:0200644,,CHEBI:190415,organic copper salt,BFO:0000040,material entity
CDNO:0200645,,CDNO:0000024,dietary fluorine,BFO:0000040,material entity
CDNO:0200155,,CHEBI:17051,fluoride,BFO:0000040,material entity
CDNO:0200646,,CHEBI:190416,inorganic fluoride salt,BFO:0000040,material entity
CDNO:0200647,,CHEBI:190417,organic fluoride salt,BFO:0000040,material entity
CDNO:0200648,,CDNO:0000025,dietary iodine,BFO:0000040,material entity
CDNO:0200156,,CHEBI:16382,iodine,BFO:0000040,material entity
CDNO:0200649,,CHEBI:190418,inorganic iodine salt,BFO:0000040,material entity
CDNO:0200650,,CHEBI:190419,organic iodine salt,BFO:0000040,material entity
CDNO:0200651,,CDNO:0000026,dietary iron,BFO:0000040,material entity
CDNO:0200157,,CHEBI:29033,iron(2+),BFO:0000040,material entity
CDNO:0200652,,CHEBI:190420,inorganic iron salt,BFO:0000040,material entity
CDNO:0200653,,CHEBI:75832,iron(2+) sulfate (anhydrous),BFO:0000040,material entity
CDNO:0200654,,CHEBI:190421,organic iron salt,BFO:0000040,material entity
CDNO:0200655,,CHEBI:190517,organic iron compound,BFO:0000040,material entity
CDNO:0200656,,CHEBI:31604,ferric ammonium citrate,BFO:0000040,material entity
CDNO:0200158,,CHEBI:49807,lead(2+),BFO:0000040,material entity
CDNO:0200159,,CHEBI:49713,lithium(1+),BFO:0000040,material entity
CDNO:0200657,,CDNO:0000027,dietary manganese,BFO:0000040,material entity
CDNO:0200160,,CHEBI:18291,manganese(2+),BFO:0000040,material entity
CDNO:0200658,,CHEBI:29041,manganese(3+),BFO:0000040,material entity
CDNO:0200659,,CHEBI:190422,inorganic manganese salt,BFO:0000040,material entity
CDNO:0200660,,CHEBI:190423,organic manganese salt,BFO:0000040,material entity
CDNO:0200161,,CHEBI:16793,mercury(2+),BFO:0000040,material entity
CDNO:0200661,,CDNO:0000028,dietary molybdenum ,BFO:0000040,material entity
CDNO:0200162,,CHEBI:49414,molybdenum(4+),BFO:0000040,material entity
CDNO:0200662,,CHEBI:49446,molybdenum(6+),BFO:0000040,material entity
CDNO:0200663,,CHEBI:190424,inorganic molybdenum salt,BFO:0000040,material entity
CDNO:0200664,,CHEBI:190425,organic molybdenum salt,BFO:0000040,material entity
CDNO:0200163,,CHEBI:49786,nickel(2+),BFO:0000040,material entity
CDNO:0200164,,CHEBI:49847,rubidium(1+),BFO:0000040,material entity
CDNO:0200665,,CDNO:0000029,dietary selenium,BFO:0000040,material entity
CDNO:0200165,,CHEBI:60871,selenium(2+),BFO:0000040,material entity
CDNO:0200666,,CHEBI:190426,selenium(4+),BFO:0000040,material entity
CDNO:0200667,,CHEBI:190427,selenium(6+),BFO:0000040,material entity
CDNO:0200668,,CHEBI:190428,inorganic selenium salt,BFO:0000040,material entity
CDNO:0200669,,CHEBI:190429,organic selenium salt,BFO:0000040,material entity
CDNO:0200166,,CHEBI:35104,strontium(2+),BFO:0000040,material entity
CDNO:0200167,,CHEBI:30475,tin(2+),BFO:0000040,material entity
CDNO:0200168,,CHEBI:190496,titanium(3+),BFO:0000040,material entity
CDNO:0200169,,CHEBI:33004,vanadium(2+),BFO:0000040,material entity
CDNO:0200670,,CDNO:0000030,dietary zinc,BFO:0000040,material entity
CDNO:0200170,,CHEBI:29105,zinc(2+),BFO:0000040,material entity
CDNO:0200671,,CHEBI:190430,inorganic zinc salt,BFO:0000040,material entity
CDNO:0200672,,CHEBI:190431,organic zinc salt,BFO:0000040,material entity
CDNO:0200171,,CHEBI:37136,barium(2+),BFO:0000040,material entity
CDNO:0200172,,CHEBI:49547,caesium(1+),BFO:0000040,material entity
CDNO:0200173,,CHEBI:85545,bismuth(3+),BFO:0000040,material entity
CDNO:0200174,,CHEBI:37317,lanthanum(2+),BFO:0000040,material entity
CDNO:0200175,,CHEBI:24866,salt,BFO:0000040,material entity
CDNO:0200176,,CHEBI:26710,sodium chloride,BFO:0000040,material entity
CDNO:0200177,,CHEBI:51084,inorganic nitrate salt,BFO:0000040,material entity
CDNO:0200178,,CHEBI:15858,bromide,BFO:0000040,material entity
CDNO:0200525,,CHEBI:25322,methylmercury compound,BFO:0000040,material entity
CDNO:0200179,,CDNO:0000014,vitamin (molecular entity),BFO:0000040,material entity
CDNO:0200181,,CHEBI:15640,5-formyltetrahydrofolic acid,BFO:0000040,material entity
CDNO:0200182,,CHEBI:75769,B vitamin,BFO:0000040,material entity
CDNO:0200183,,CHEBI:57455,"(6R)-5,10-methenyltetrahydrofolate",BFO:0000040,material entity
CDNO:0200184,,CHEBI:26948,vitamin B1,BFO:0000040,material entity
CDNO:0200526,,CHEBI:49105,thiamine hydrochloride,BFO:0000040,material entity
CDNO:0200527,,CHEBI:176838,vitamin B2,BFO:0000040,material entity
CDNO:0200185,,CHEBI:17015,riboflavin,BFO:0000040,material entity
CDNO:0200528,,CHEBI:176839,vitamin B3,BFO:0000040,material entity
CDNO:0200186,,CHEBI:15940,nicotinic acid,BFO:0000040,material entity
CDNO:0200529,,CHEBI:176840,vitamin B5,BFO:0000040,material entity
CDNO:0200187,,CHEBI:46905,(R)-pantothenic acid,BFO:0000040,material entity
CDNO:0200530,,CHEBI:27306,vitamin B6,BFO:0000040,material entity
CDNO:0200188,,CHEBI:16709,pyridoxine,BFO:0000040,material entity
CDNO:0200531,,CHEBI:176841,vitamin B7,BFO:0000040,material entity
CDNO:0200189,,CHEBI:15956,biotin,BFO:0000040,material entity
CDNO:0200532,,CHEBI:176842,vitamin B9,BFO:0000040,material entity
CDNO:0200190,,CHEBI:27470,folic acid,BFO:0000040,material entity
CDNO:0200533,,CHEBI:67016,tetrahydrofolate,BFO:0000040,material entity
CDNO:0200534,,CHEBI:176843,vitamin B12,BFO:0000040,material entity
CDNO:0200191,,CHEBI:17439,cyanocob(III)alamin,BFO:0000040,material entity
CDNO:0200192,,CHEBI:176783,vitamin C,BFO:0000040,material entity
CDNO:0200193,,CHEBI:29073,L-ascorbic acid,BFO:0000040,material entity
CDNO:0200195,,CHEBI:12777,vitamin A,BFO:0000040,material entity
CDNO:0200535,,CHEBI:17336,all-trans-retinol,BFO:0000040,material entity
CDNO:0200196,,CHEBI:23044,carotenoid,BFO:0000040,material entity
CDNO:0200197,,CHEBI:28425,α-carotene,BFO:0000040,material entity
CDNO:0200198,,CHEBI:17579,β-carotene,BFO:0000040,material entity
CDNO:0200199,,CHEBI:140677,4-hydroxy-all-trans-β-carotene,BFO:0000040,material entity
CDNO:0200200,,CHEBI:67188,9-cis-β-carotene,BFO:0000040,material entity
CDNO:0200201,,CHEBI:27300,vitamin D,BFO:0000040,material entity
CDNO:0200536,,CHEBI:73558,D3 vitamins,BFO:0000040,material entity
CDNO:0200202,,CHEBI:17933,calcidiol,BFO:0000040,material entity
CDNO:0200537,,CHEBI:28940,calciol,BFO:0000040,material entity
CDNO:0200538,,CHEBI:28934,vitamin D2,BFO:0000040,material entity
CDNO:0200539,,CHEBI:33237,vitamin D4,BFO:0000040,material entity
CDNO:0200540,,CHEBI:33279,vitamin D5,BFO:0000040,material entity
CDNO:0200203,,CHEBI:33234,vitamin E,BFO:0000040,material entity
CDNO:0200204,,CHEBI:27013,tocopherol,BFO:0000040,material entity
CDNO:0200205,,CHEBI:22470,α-tocopherol,BFO:0000040,material entity
CDNO:0200206,,CHEBI:47771,β-tocopherol,BFO:0000040,material entity
CDNO:0200207,,CHEBI:18185,γ-tocopherol,BFO:0000040,material entity
CDNO:0200208,,CHEBI:47772,δ-tocopherol,BFO:0000040,material entity
CDNO:0200209,,CHEBI:33235,tocotrienol,BFO:0000040,material entity
CDNO:0200210,,CHEBI:33270,α-tocotrienol,BFO:0000040,material entity
CDNO:0200211,,CHEBI:33275,β-tocotrienol,BFO:0000040,material entity
CDNO:0200212,,CHEBI:33277,γ-tocotrienol,BFO:0000040,material entity
CDNO:0200213,,CHEBI:33276,δ-tocotrienol,BFO:0000040,material entity
CDNO:0200214,,CHEBI:28384,vitamin K,BFO:0000040,material entity
CDNO:0200541,,CHEBI:28869,menadione,BFO:0000040,material entity
CDNO:0200542,,CHEBI:16374,menaquinone,BFO:0000040,material entity
CDNO:0200543,,CHEBI:18067,phylloquinone,BFO:0000040,material entity
CDNO:0200215,,CDNO:0000013,plant secondary metabolite,BFO:0000040,material entity
CDNO:0200216,,CHEBI:22315,alkaloid,BFO:0000040,material entity
CDNO:0200217,,CHEBI:27732,caffeine,BFO:0000040,material entity
CDNO:0200218,,CHEBI:28346,mescaline,BFO:0000040,material entity
CDNO:0200219,,CHEBI:28946,theobromine,BFO:0000040,material entity
CDNO:0200220,,CHEBI:33853,phenols,BFO:0000040,material entity
CDNO:0200735,,CHEBI:36027,stilbenol ,BFO:0000040,material entity
CDNO:0200736,,CHEBI:36011,pinosylvin,BFO:0000040,material entity
CDNO:0200737,,CHEBI:84048,resveratrol sulfate,BFO:0000040,material entity
CDNO:0200738,,CHEBI:28591,guaiacol,BFO:0000040,material entity
CDNO:0200739,,CHEBI:27949,(E)-sinapaldehyde,BFO:0000040,material entity
CDNO:0200740,,CHEBI:18101,4-hydroxyphenylacetic acid,BFO:0000040,material entity
CDNO:0200741,,CHEBI:24673,hydroxybenzaldehyde,BFO:0000040,material entity
CDNO:0200742,,CHEBI:17597,4-hydroxybenzaldehyde,BFO:0000040,material entity
CDNO:0200743,,CHEBI:22707,benzenetriol,BFO:0000040,material entity
CDNO:0200744,,CHEBI:30814,digallic acid,BFO:0000040,material entity
CDNO:0200745,,CHEBI:16164,pyrogallol,BFO:0000040,material entity
CDNO:0200746,,CHEBI:175304,Dodecyl gallate,BFO:0000040,material entity
CDNO:0200747,,CHEBI:18125,trans-2-coumaric acid,BFO:0000040,material entity
CDNO:0200748,,CHEBI:18346,vanillin,BFO:0000040,material entity
CDNO:0200749,,CHEBI:4917,eugenol,BFO:0000040,material entity
CDNO:0200750,,CHEBI:33570,benzenediols,BFO:0000040,material entity
CDNO:0200751,,CHEBI:50205,"3,4-dihydroxybenzaldehyde",BFO:0000040,material entity
CDNO:0200752,,CHEBI:145967,5-heptadecylresorcinol,BFO:0000040,material entity
CDNO:0200753,,CHEBI:145969,5-tricosylresorcinol,BFO:0000040,material entity
CDNO:0200754,,CHEBI:2120,cardol,BFO:0000040,material entity
CDNO:0200755,,CHEBI:39912,"3,5-dihydroxybenzoic acid",BFO:0000040,material entity
CDNO:0200756,,CHEBI:18414,"2',4'-dihydroxyacetophenone",BFO:0000040,material entity
CDNO:0200757,,CHEBI:17594,hydroquinone,BFO:0000040,material entity
CDNO:0200758,,CHEBI:18243,dopamine,BFO:0000040,material entity
CDNO:0200759,,CHEBI:27810,resorcinol,BFO:0000040,material entity
CDNO:0200760,,CHEBI:1879,2-(4-hydroxyphenyl)ethanol,BFO:0000040,material entity
CDNO:0200761,,CHEBI:1883,4-hydroxystyrene,BFO:0000040,material entity
CDNO:0200762,,CHEBI:42438,2-methoxy-4-vinylphenol,BFO:0000040,material entity
CDNO:0200763,,CHEBI:67244,(−)-lariciresinol,BFO:0000040,material entity
CDNO:0200764,,CHEBI:67246,(+)-lariciresinol,BFO:0000040,material entity
CDNO:0200765,,CHEBI:9127,Sesamolinol,BFO:0000040,material entity
CDNO:0200766,,CHEBI:143237,2-O-sulfate-4-hydroxyacetophenone,BFO:0000040,material entity
CDNO:0200767,,CHEBI:15712,"2,3-dihydrobiochanin A",BFO:0000040,material entity
CDNO:0200768,,CHEBI:16388,4-hydroxymandelic acid,BFO:0000040,material entity
CDNO:0200769,,CHEBI:16786,vestitone,BFO:0000040,material entity
CDNO:0200770,,CHEBI:17445,3-hydroxyphenylacetic acid,BFO:0000040,material entity
CDNO:0200771,,CHEBI:28478,(2-hydroxyphenyl)acetic acid,BFO:0000040,material entity
CDNO:0200772,,CHEBI:69581,Paeonol,BFO:0000040,material entity
CDNO:0200773,,CHEBI:70824,m-hydroxyhippuric acid,BFO:0000040,material entity
CDNO:0200774,,CHEBI:86369,3-(3-hydroxyphenyl)-3-hydroxypropanoic acid,BFO:0000040,material entity
CDNO:0200775,,CHEBI:134345,deoxyhumulone,BFO:0000040,material entity
CDNO:0200776,,CHEBI:15760,tyramine,BFO:0000040,material entity
CDNO:0200777,,CHEBI:16104,3-(2-hydroxyphenyl)propanoic acid,BFO:0000040,material entity
CDNO:0200778,,CHEBI:16832,kievitone,BFO:0000040,material entity
CDNO:0200779,,CHEBI:18353,vanillyl alcohol,BFO:0000040,material entity
CDNO:0200780,,CHEBI:20106,vanillylmandelic acid,BFO:0000040,material entity
CDNO:0200221,,CHEBI:26195,polyphenol,BFO:0000040,material entity
CDNO:0200720,,CHEBI:88363,"8,5'-diferulic acid",BFO:0000040,material entity
CDNO:0200721,,CHEBI:28814,piceatannol,BFO:0000040,material entity
CDNO:0200722,,CHEBI:132853,acteoside,BFO:0000040,material entity
CDNO:0200723,,CHEBI:133365,pelargonin,BFO:0000040,material entity
CDNO:0200724,,CHEBI:40,(+)-pinoresinol,BFO:0000040,material entity
CDNO:0200725,,CHEBI:65004,(-)-secoisolariciresinol,BFO:0000040,material entity
CDNO:0200726,,CHEBI:65737,demethoxycurcumin,BFO:0000040,material entity
CDNO:0200727,,CHEBI:6698,(-)-matairesinol,BFO:0000040,material entity
CDNO:0200728,,CHEBI:71045,bisdemethoxycurcumin,BFO:0000040,material entity
CDNO:0200729,,CHEBI:149610,(+)-catechin-3'-methyl ether,BFO:0000040,material entity
CDNO:0200730,,CHEBI:174910,4'-O-methyl-(−)-epicatechin,BFO:0000040,material entity
CDNO:0200731,,CHEBI:3962,curcumin,BFO:0000040,material entity
CDNO:0200732,,CHEBI:42680,"(2-cis,6-cis)-farnesol",BFO:0000040,material entity
CDNO:0200733,,CHEBI:76193,(E)-trans-miyabenol C,BFO:0000040,material entity
CDNO:0200734,,CHEBI:8824,trans-rhaponticin,BFO:0000040,material entity
CDNO:0200222,,CHEBI:26848,tannin,BFO:0000040,material entity
CDNO:0200223,,CHEBI:16112,chlorogenic acid,BFO:0000040,material entity
CDNO:0200224,,CHEBI:26267,proanthocyanidin,BFO:0000040,material entity
CDNO:0200225,,CHEBI:78689,hydrolysable tannin,BFO:0000040,material entity
CDNO:0200226,,CHEBI:23909,ellagitannin,BFO:0000040,material entity
CDNO:0200227,,CHEBI:24182,gallotannin,BFO:0000040,material entity
CDNO:0200228,,CHEBI:71222,phlorotannin,BFO:0000040,material entity
CDNO:0200229,,CHEBI:18135,catechol,BFO:0000040,material entity
CDNO:0200230,,CHEBI:16204,phloroglucinol,BFO:0000040,material entity
CDNO:0200231,,CHEBI:4806,(−)-epigallocatechin 3-gallate,BFO:0000040,material entity
CDNO:0200232,,CHEBI:166890,phenolic acid,BFO:0000040,material entity
CDNO:0200233,,CHEBI:30778,gallic acid,BFO:0000040,material entity
CDNO:0200234,,CHEBI:24676,hydroxybenzoic acid,BFO:0000040,material entity
CDNO:0200235,,CHEBI:16914,salicylic acid,BFO:0000040,material entity
CDNO:0200236,,CHEBI:18305,hydroquinone O-β-D-glucopyranoside,BFO:0000040,material entity
CDNO:0200237,,CHEBI:30816,vanillic acid,BFO:0000040,material entity
CDNO:0200238,,CHEBI:68329,syringic acid,BFO:0000040,material entity
CDNO:0200239,,CHEBI:51867,methyl ketone,BFO:0000040,material entity
CDNO:0200240,,CHEBI:27632,acetophenone,BFO:0000040,material entity
CDNO:0200241,,CHEBI:30745,phenylacetic acid,BFO:0000040,material entity
CDNO:0200242,,CHEBI:24689,hydroxycinnamic acid,BFO:0000040,material entity
CDNO:0200243,,CHEBI:36281,caffeic acid,BFO:0000040,material entity
CDNO:0200244,,CHEBI:77131,sinapic acid,BFO:0000040,material entity
CDNO:0200245,,CHEBI:23238,chromones,BFO:0000040,material entity
CDNO:0200246,,CHEBI:3594,Chicoric acid,BFO:0000040,material entity
CDNO:0200247,,CHEBI:23401,coumaric acid,BFO:0000040,material entity
CDNO:0200248,,CHEBI:36090,4-coumaric acid,BFO:0000040,material entity
CDNO:0200249,,CHEBI:18176,2-coumaric acid,BFO:0000040,material entity
CDNO:0200250,,CHEBI:47925,3-coumaric acid,BFO:0000040,material entity
CDNO:0200251,,CHEBI:17620,ferulic acid,BFO:0000040,material entity
CDNO:0200252,,CHEBI:17488,scopoletin,BFO:0000040,material entity
CDNO:0200253,,CHEBI:166891,phenylpropane,BFO:0000040,material entity
CDNO:0200254,,CHEBI:25481,napthoquinone,BFO:0000040,material entity
CDNO:0200255,,CHEBI:132141,"1,2-napthoquinone",BFO:0000040,material entity
CDNO:0200256,,CHEBI:132142,"1,4-napthoquinone",BFO:0000040,material entity
CDNO:0200257,,CHEBI:15794,juglone,BFO:0000040,material entity
CDNO:0200258,,CHEBI:26776,stilbenoid,BFO:0000040,material entity
CDNO:0200259,,CHEBI:26775,stilbene,BFO:0000040,material entity
CDNO:0200260,,CHEBI:22580,anthraquinone,BFO:0000040,material entity
CDNO:0200261,,CHEBI:166892,aglycone,BFO:0000040,material entity
CDNO:0200262,,CHEBI:42223,emodin,BFO:0000040,material entity
CDNO:0200263,,CHEBI:51149,xanthones,BFO:0000040,material entity
CDNO:0200264,,CHEBI:166965,simple oxygenated xanthones,BFO:0000040,material entity
CDNO:0200265,,CHEBI:83231,xanthone glycoside,BFO:0000040,material entity
CDNO:0200266,,CHEBI:166966,prenylated and related xanthones,BFO:0000040,material entity
CDNO:0200267,,CHEBI:166894,xanthonolignoid,BFO:0000040,material entity
CDNO:0200268,,CHEBI:72544,flavonoids,BFO:0000040,material entity
CDNO:0200269,,CHEBI:47916,flavonoid,BFO:0000040,material entity
CDNO:0200270,,CHEBI:6674,malvidin,BFO:0000040,material entity
CDNO:0200271,,CHEBI:28499,kaempferol,BFO:0000040,material entity
CDNO:0200272,,CHEBI:38691,flavan,BFO:0000040,material entity
CDNO:0200273,,CHEBI:5070,flavanone,BFO:0000040,material entity
CDNO:0200274,,CHEBI:27566,6-prenylnaringenin,BFO:0000040,material entity
CDNO:0200275,,CHEBI:50207,sophoraflavanone B,BFO:0000040,material entity
CDNO:0200276,,CHEBI:28709,eriocitrin,BFO:0000040,material entity
CDNO:0200277,,CHEBI:28412,eriodictyol,BFO:0000040,material entity
CDNO:0200278,,CHEBI:28230,hesperetin,BFO:0000040,material entity
CDNO:0200279,,CHEBI:28775,hesperidin,BFO:0000040,material entity
CDNO:0200280,,CHEBI:74960,homoeriodictyol,BFO:0000040,material entity
CDNO:0200281,,CHEBI:27552,"4'-methoxy-5,7-dihydroxyflavanone",BFO:0000040,material entity
CDNO:0200282,,CHEBI:50202,naringenin,BFO:0000040,material entity
CDNO:0200283,,CHEBI:28819,naringin,BFO:0000040,material entity
CDNO:0200284,,CHEBI:28705,narirutin,BFO:0000040,material entity
CDNO:0200285,,CHEBI:7502,neoeriocitrin,BFO:0000040,material entity
CDNO:0200286,,CHEBI:59016,neohesperidin,BFO:0000040,material entity
CDNO:0200287,,CHEBI:28157,pinocembrin,BFO:0000040,material entity
CDNO:0200288,,CHEBI:66773,(2S)-poncirin,BFO:0000040,material entity
CDNO:0200289,,CHEBI:28927,sakuranetin,BFO:0000040,material entity
CDNO:0200290,,CHEBI:42491,flavone,BFO:0000040,material entity
CDNO:0200291,,CHEBI:2197,6-hydroxyluteolin,BFO:0000040,material entity
CDNO:0200292,,CHEBI:66046,6-hydroxyluteolin 7-O-laminaribioside,BFO:0000040,material entity
CDNO:0200293,,CHEBI:29503,"4',7-dihydroxyflavone",BFO:0000040,material entity
CDNO:0200294,,CHEBI:18388,apigenin,BFO:0000040,material entity
CDNO:0200295,,CHEBI:2979,baicalein,BFO:0000040,material entity
CDNO:0200296,,CHEBI:75095,chrysin,BFO:0000040,material entity
CDNO:0200297,,CHEBI:3718,cirsilineol,BFO:0000040,material entity
CDNO:0200298,,CHEBI:81337,cirsimaritin,BFO:0000040,material entity
CDNO:0200299,,CHEBI:4631,diosmin,BFO:0000040,material entity
CDNO:0200300,,CHEBI:28917,dihydromyricetin,BFO:0000040,material entity
CDNO:0200301,,CHEBI:136666,eupatorin,BFO:0000040,material entity
CDNO:0200302,,CHEBI:79628,gardenin B,BFO:0000040,material entity
CDNO:0200303,,CHEBI:5326,geraldone,BFO:0000040,material entity
CDNO:0200304,,CHEBI:75902,hispidulin,BFO:0000040,material entity
CDNO:0200305,,CHEBI:18330,isovitexin,BFO:0000040,material entity
CDNO:0200306,,CHEBI:66103,jaceosidin,BFO:0000040,material entity
CDNO:0200307,,CHEBI:15864,luteolin,BFO:0000040,material entity
CDNO:0200308,,CHEBI:77791,luteolin 7-O-β-D-glucoside(1−),BFO:0000040,material entity
CDNO:0200309,,CHEBI:70082,myricitrin,BFO:0000040,material entity
CDNO:0200310,,CHEBI:7602,nobiletin,BFO:0000040,material entity
CDNO:0200311,,CHEBI:16243,quercetin,BFO:0000040,material entity
CDNO:0200312,,CHEBI:31227,apigenin 7-O-neohesperidoside,BFO:0000040,material entity
CDNO:0200313,,CHEBI:9062,scutellarein,BFO:0000040,material entity
CDNO:0200314,,CHEBI:9159,sinensetin,BFO:0000040,material entity
CDNO:0200315,,CHEBI:9400,tangeretin,BFO:0000040,material entity
CDNO:0200316,,CHEBI:16954,vitexin,BFO:0000040,material entity
CDNO:0200317,,CHEBI:48039,dihydroflavanol,BFO:0000040,material entity
CDNO:0200318,,CHEBI:72010,hydroxyflavan,BFO:0000040,material entity
CDNO:0200319,,CHEBI:23053,catechin,BFO:0000040,material entity
CDNO:0200320,,CHEBI:76132,(+)-catechin 3-O-gallate,BFO:0000040,material entity
CDNO:0200321,,CHEBI:31018,(+)-gallocatechin,BFO:0000040,material entity
CDNO:0200322,,CHEBI:90,(-)-epicatechin,BFO:0000040,material entity
CDNO:0200323,,CHEBI:76125,(+)-epicatechin,BFO:0000040,material entity
CDNO:0200324,,CHEBI:71225,(-)-gallocatechin,BFO:0000040,material entity
CDNO:0200325,,CHEBI:70255,(-)-epicatechin-3-O-gallate,BFO:0000040,material entity
CDNO:0200326,,CHEBI:42255,(-)-epigallocatechin,BFO:0000040,material entity
CDNO:0200327,,CHEBI:70254,3'-O-methylepicatechin,BFO:0000040,material entity
CDNO:0200328,,CHEBI:70256,4'-O-methylepigallocatechin-3-O-gallate,BFO:0000040,material entity
CDNO:0200329,,CHEBI:70253,4'-O-methylepigallocatechin,BFO:0000040,material entity
CDNO:0200331,,CHEBI:81227,cinnamtannin A2,BFO:0000040,material entity
CDNO:0200332,,CHEBI:166895,procyanidin,BFO:0000040,material entity
CDNO:0200333,,CHEBI:75633,procyanidin B1,BFO:0000040,material entity
CDNO:0200334,,CHEBI:75632,procyanidin B2,BFO:0000040,material entity
CDNO:0200335,,CHEBI:75630,procyanidin B3,BFO:0000040,material entity
CDNO:0200336,,CHEBI:27589,procyanidin B4,BFO:0000040,material entity
CDNO:0200337,,CHEBI:75621,procyanidin B5,BFO:0000040,material entity
CDNO:0200338,,CHEBI:75619,procyanidin B6,BFO:0000040,material entity
CDNO:0200339,,CHEBI:75643,procyanidin C1,BFO:0000040,material entity
CDNO:0200340,,CHEBI:75644,procyanidin C2,BFO:0000040,material entity
CDNO:0200341,,CHEBI:136609,theaflavin,BFO:0000040,material entity
CDNO:0200342,,CHEBI:166896,peltogynoid,BFO:0000040,material entity
CDNO:0200343,,CHEBI:71230,dihydrochalcone,BFO:0000040,material entity
CDNO:0200344,,CHEBI:88354,3-hydroxyphloretin 2'-O-xylosylglucoside,BFO:0000040,material entity
CDNO:0200345,,CHEBI:17276,phloretin,BFO:0000040,material entity
CDNO:0200346,,CHEBI:8113,phlorizin,BFO:0000040,material entity
CDNO:0200347,,CHEBI:23086,chalcone,BFO:0000040,material entity
CDNO:0200348,,CHEBI:3237,butein,BFO:0000040,material entity
CDNO:0200349,,CHEBI:66331,xanthohumol,BFO:0000040,material entity
CDNO:0200350,,CHEBI:47964,aurone,BFO:0000040,material entity
CDNO:0200351,,CHEBI:38695,anthocyanidin,BFO:0000040,material entity
CDNO:0200352,,CHEBI:27843,cyanidin cation,BFO:0000040,material entity
CDNO:0200353,,CHEBI:27475,cyanidin 3-O-β-D-galactoside,BFO:0000040,material entity
CDNO:0200354,,CHEBI:28064,cyanidin 3-O-rutinoside,BFO:0000040,material entity
CDNO:0200355,,CHEBI:74811,cyanidin 3-O-β-D-sambubioside,BFO:0000040,material entity
CDNO:0200356,,CHEBI:80438,Cyanidin 3-O-sophoroside,BFO:0000040,material entity
CDNO:0200357,,CHEBI:142263,isopeonidin 3-rutinoside,BFO:0000040,material entity
CDNO:0200358,,CHEBI:25863,pelargonidin,BFO:0000040,material entity
CDNO:0200359,,CHEBI:31968,pelargonidin 3-O-rutinoside,BFO:0000040,material entity
CDNO:0200360,,CHEBI:38697,anthocyanin,BFO:0000040,material entity
CDNO:0200361,,CHEBI:38698,anthocyanin chlorides,BFO:0000040,material entity
CDNO:0200362,,CHEBI:37664,cyanidin 3-O-β-D-galactoside chloride,BFO:0000040,material entity
CDNO:0200363,,CHEBI:16726,cyanidin 3-O-rutinoside chloride,BFO:0000040,material entity
CDNO:0200364,,CHEBI:38021,cyanin chloride,BFO:0000040,material entity
CDNO:0200365,,CHEBI:36122,pelargonidin 3-O-β-D-glucoside chloride,BFO:0000040,material entity
CDNO:0200366,,CHEBI:22798,_-D-glucoside,BFO:0000040,material entity
CDNO:0200367,,CHEBI:31463,delphinidin 3-O-β-D-glucoside,BFO:0000040,material entity
CDNO:0200368,,CHEBI:31985,petunidin 3-O-β-D-glucoside,BFO:0000040,material entity
CDNO:0200369,,CHEBI:31799,malvidin 3-O-β-D-glucoside,BFO:0000040,material entity
CDNO:0200370,,CHEBI:50753,isoflavonoid,BFO:0000040,material entity
CDNO:0200371,,CHEBI:72572,isoflavans,BFO:0000040,material entity
CDNO:0200372,,CHEBI:27945,isoflavanone,BFO:0000040,material entity
CDNO:0200373,,CHEBI:38757,isoflavones,BFO:0000040,material entity
CDNO:0200374,,CHEBI:38755,hydroxyisoflavone,BFO:0000040,material entity
CDNO:0200375,,CHEBI:28197,daidzein,BFO:0000040,material entity
CDNO:0200376,,CHEBI:28088,genistein,BFO:0000040,material entity
CDNO:0200377,,CHEBI:34778,glycitein,BFO:0000040,material entity
CDNO:0200378,,CHEBI:24278,glucoside,BFO:0000040,material entity
CDNO:0200379,,CHEBI:42202,daidzein 7-O-β-D-glucoside,BFO:0000040,material entity
CDNO:0200380,,CHEBI:27514,genistein 7-O-β-D-glucoside,BFO:0000040,material entity
CDNO:0200381,,CHEBI:80373,glycitin,BFO:0000040,material entity
CDNO:0200382,,CHEBI:74630,glycosyloxyisoflavone,BFO:0000040,material entity
CDNO:0200383,,CHEBI:80371,malonyldaidzin,BFO:0000040,material entity
CDNO:0200384,,CHEBI:80372,malonylgenistin,BFO:0000040,material entity
CDNO:0200385,,CHEBI:80374,malonylglycitin,BFO:0000040,material entity
CDNO:0200386,,CHEBI:133348,glycitein 7-(6-O-acetyl-β-D-glucoside),BFO:0000040,material entity
CDNO:0200387,,CHEBI:71543,rotenoid,BFO:0000040,material entity
CDNO:0200388,,CHEBI:72577,coumestans,BFO:0000040,material entity
CDNO:0200389,,CHEBI:72578,coumestan,BFO:0000040,material entity
CDNO:0200390,,CHEBI:3908,coumestrol,BFO:0000040,material entity
CDNO:0200391,,CHEBI:166897,3-arylcoumarin,BFO:0000040,material entity
CDNO:0200392,,CHEBI:26377,pterocarpans,BFO:0000040,material entity
CDNO:0200393,,CHEBI:73033,pterocarpan,BFO:0000040,material entity
CDNO:0200394,,CHEBI:108,(_)-phaseolin,BFO:0000040,material entity
CDNO:0200395,,CHEBI:67347,(+)-pisatin,BFO:0000040,material entity
CDNO:0200396,,CHEBI:71971,neoflavonoid,BFO:0000040,material entity
CDNO:0200397,,CHEBI:50128,biflavonoid,BFO:0000040,material entity
CDNO:0200398,,CHEBI:26004,phenylpropanoid,BFO:0000040,material entity
CDNO:0200399,,CHEBI:25036,lignan,BFO:0000040,material entity
CDNO:0200400,,CHEBI:125451,"3,5,7-trihydroxy-2-[3-(4-hydroxy-3-methoxyphenyl)-2-(hydroxymethyl)-2,3-dihydro-1,4-benzodioxin-6-yl]-3,4-dihydro-2H-1-benzopyran-4-one",BFO:0000040,material entity
CDNO:0200401,,CHEBI:25497,neolignan,BFO:0000040,material entity
CDNO:0200402,,CHEBI:6457,lignin,BFO:0000040,material entity
CDNO:0200403,,CHEBI:89634,Melanin,BFO:0000040,material entity
CDNO:0200404,,CHEBI:23055,catechol melanin,BFO:0000040,material entity
CDNO:0200405,,CHEBI:166898,allomelanin,BFO:0000040,material entity
CDNO:0200406,,CHEBI:26873,terpenoid,BFO:0000040,material entity
CDNO:0200407,,CHEBI:25409,monoterpenoid,BFO:0000040,material entity
CDNO:0200408,,CHEBI:26658,sesquiterpenoid ,BFO:0000040,material entity
CDNO:0200409,,CHEBI:23849,diterpenoid,BFO:0000040,material entity
CDNO:0200410,,CHEBI:27325,xanthophyll,BFO:0000040,material entity
CDNO:0200411,,CHEBI:27547,zeaxanthin,BFO:0000040,material entity
CDNO:0200412,,CHEBI:10223,α-cryptoxanthin,BFO:0000040,material entity
CDNO:0200413,,CHEBI:10362,β-cryptoxanthin,BFO:0000040,material entity
CDNO:0200414,,CHEBI:28838,lutein,BFO:0000040,material entity
CDNO:0200415,,CHEBI:26119,phytoene,BFO:0000040,material entity
CDNO:0200416,,CHEBI:25501,neoxanthin,BFO:0000040,material entity
CDNO:0200417,,CHEBI:27295,violaxanthin,BFO:0000040,material entity
CDNO:0200418,,CHEBI:15948,lycopene,BFO:0000040,material entity
CDNO:0200419,,CHEBI:62466,"7,7',9,9'-tetra-cis-lycopene",BFO:0000040,material entity
CDNO:0200420,,CHEBI:50211,retinol,BFO:0000040,material entity
CDNO:0200421,,CHEBI:36615,triterpenoid,BFO:0000040,material entity
CDNO:0200422,,CHEBI:64709,organic acid,BFO:0000040,material entity
CDNO:0200423,,CHEBI:15366,acetic acid,BFO:0000040,material entity
CDNO:0200424,,CHEBI:30769,citric acid,BFO:0000040,material entity
CDNO:0200425,,CHEBI:78320,2-hydroxypropanoic acid,BFO:0000040,material entity
CDNO:0200426,,CHEBI:42111,(R)-lactic acid,BFO:0000040,material entity
CDNO:0200427,,CHEBI:422,(S)-lactic acid,BFO:0000040,material entity
CDNO:0200428,,CHEBI:6650,malic acid,BFO:0000040,material entity
CDNO:0200429,,CHEBI:30794,malonic acid,BFO:0000040,material entity
CDNO:0200430,,CHEBI:22652,ascorbic acid,BFO:0000040,material entity
CDNO:0200431,,CHEBI:27956,L-dehydroascorbic acid,BFO:0000040,material entity
CDNO:0200432,,CHEBI:16995,oxalic acid,BFO:0000040,material entity
CDNO:0200433,,CHEBI:17401,myo-inositol hexakisphosphate,BFO:0000040,material entity
CDNO:0200434,,CHEBI:26493,quinic acid,BFO:0000040,material entity
CDNO:0200435,,CHEBI:32816,pyruvic acid,BFO:0000040,material entity
CDNO:0200436,,CHEBI:16119,shikimic acid,BFO:0000040,material entity
CDNO:0200437,,CHEBI:15741,succinic acid,BFO:0000040,material entity
CDNO:0200438,,CHEBI:26849,tartaric acid,BFO:0000040,material entity
CDNO:0200439,,CHEBI:30887,isocitric acid,BFO:0000040,material entity
CDNO:0200440,,CHEBI:30744,oxaloacetic acid,BFO:0000040,material entity
CDNO:0200441,,CHEBI:24848,inositol,BFO:0000040,material entity
CDNO:0200442,,CHEBI:15891,taurine,BFO:0000040,material entity
CDNO:0200443,,CHEBI:17750,glycine betaine,BFO:0000040,material entity
CDNO:0200444,,CHEBI:26191,polyol,BFO:0000040,material entity
CDNO:0200445,,CHEBI:29864,mannitol,BFO:0000040,material entity
CDNO:0200446,,CHEBI:17151,xylitol,BFO:0000040,material entity
CDNO:0200447,,CHEBI:30911,glucitol,BFO:0000040,material entity
CDNO:0200448,,CHEBI:15354,choline,BFO:0000040,material entity
CDNO:0200449,,CHEBI:26208,polyunsaturated fatty acid,BFO:0000040,material entity
CDNO:0200450,,CHEBI:17020,glucomannan,BFO:0000040,material entity
CDNO:0200451,,CHEBI:17754,glycerol,BFO:0000040,material entity
CDNO:0200452,,CHEBI:17855,triglyceride,BFO:0000040,material entity
CDNO:0200453,,CHEBI:18233,xyloglucan,BFO:0000040,material entity
CDNO:0200454,,CHEBI:22590,arabinan,BFO:0000040,material entity
CDNO:0200455,,CHEBI:24174,galacturonan,BFO:0000040,material entity
CDNO:0200456,,CHEBI:25413,monounsaturated fatty acid,BFO:0000040,material entity
CDNO:0200457,,CHEBI:26543,rhamnogalacturonan,BFO:0000040,material entity
CDNO:0200458,,CHEBI:26607,saturated fatty acid,BFO:0000040,material entity
CDNO:0200459,,CHEBI:27680,galactomannan,BFO:0000040,material entity
CDNO:0200460,,CHEBI:28057,amylopectin,BFO:0000040,material entity
CDNO:0200461,,CHEBI:28102,amylose,BFO:0000040,material entity
CDNO:0200462,,CHEBI:28427,arabinoxylan,BFO:0000040,material entity
CDNO:0200463,,CHEBI:28808,mannan,BFO:0000040,material entity
CDNO:0200464,,CHEBI:33709,amino acid,BFO:0000040,material entity
CDNO:0200465,,CHEBI:35366,fatty acid,BFO:0000040,material entity
CDNO:0200466,,CHEBI:37165,galactan,BFO:0000040,material entity
CDNO:0200467,,CHEBI:37166,xylan,BFO:0000040,material entity
CDNO:0200468,,CHEBI:37163,glucan,BFO:0000040,material entity
CDNO:0200469,,CDNO:0100001,amylopectin derived from starch,BFO:0000040,material entity
CDNO:0200470,,CDNO:0100002,amylose derived from starch,BFO:0000040,material entity
CDNO:0200471,,CDNO:0100003,galacturonan derived from pectin,BFO:0000040,material entity
CDNO:0200472,,CDNO:0100004,rhamnogalacturonan derived from pectin,BFO:0000040,material entity
CDNO:0200473,,CDNO:0100005,mannan derived from hemicellulose,BFO:0000040,material entity
CDNO:0200474,,CDNO:0100006,xylan derived from hemicellulose,BFO:0000040,material entity
CDNO:0200475,,CDNO:0100007,xyloglucan derived from hemicellulose,BFO:0000040,material entity
CDNO:0200476,,CDNO:0100008,glucomannan derived from hemicellulose,BFO:0000040,material entity
CDNO:0200477,,CDNO:0100009,arabinoxylan derived from hemicellulose,BFO:0000040,material entity
CDNO:0200478,,CDNO:0100010,fructan derived from hemicellulose,BFO:0000040,material entity
CDNO:0200479,,CDNO:0100011,arabinan derived from hemicellulose,BFO:0000040,material entity
CDNO:0200480,,CDNO:0100012,galactomannan derived from hemicellulose,BFO:0000040,material entity
CDNO:0200481,,CDNO:0100013,galactan derived from hemicellulose,BFO:0000040,material entity
CDNO:0200482,,CDNO:0100014,glucose derived from amylopectin derived from starch,BFO:0000040,material entity
CDNO:0200483,,CDNO:0100015,glucose derived from amylose derived from starch,BFO:0000040,material entity
CDNO:0200484,,CDNO:0100016,glucose derived from sucrose,BFO:0000040,material entity
CDNO:0200485,,CDNO:0100017,fructose derived from sucrose,BFO:0000040,material entity
CDNO:0200486,,CDNO:0100018,glucose derived from maltose,BFO:0000040,material entity
CDNO:0200487,,CDNO:0100019,galacturonic acid derived from galacturonan derived from pectin,BFO:0000040,material entity
CDNO:0200488,,CDNO:0100020,rhamnose derived from rhamnogalacturonan derived from pectin,BFO:0000040,material entity
CDNO:0200489,,CDNO:0100021,D-apiose derived from rhamnogalacturonan derived from pectin,BFO:0000040,material entity
CDNO:0200490,,CDNO:0100022,galacturonic acid derived from rhamnogalacturonan derived from pectin,BFO:0000040,material entity
CDNO:0200491,,CDNO:0100023,fucose derived from rhamnogalacturonan derived from pectin,BFO:0000040,material entity
CDNO:0200492,,CDNO:0100024,xylose derived from rhamnogalacturonan derived from pectin,BFO:0000040,material entity
CDNO:0200493,,CDNO:0100025,arabinose derived from rhamnogalacturonan derived from pectin,BFO:0000040,material entity
CDNO:0200494,,CDNO:0100026,galactose derived from rhamnogalacturonan derived from pectin,BFO:0000040,material entity
CDNO:0200495,,CDNO:0100027,raffinose derived from raffinose family oligosaccharide,BFO:0000040,material entity
CDNO:0200496,,CDNO:0100028,galactose derived from raffinose derived from raffinose family oligosaccharide,BFO:0000040,material entity
CDNO:0200497,,CDNO:0100029,glucose derived from raffinose derived from raffinose family oligosaccharide,BFO:0000040,material entity
CDNO:0200498,,CDNO:0100030,fructose derived from raffinose derived from raffinose family oligosaccharide,BFO:0000040,material entity
CDNO:0200499,,CDNO:0100031,stachyose derived from raffinose family oligosaccharide,BFO:0000040,material entity
CDNO:0200500,,CDNO:0100032,galactose derived from stachyose derived from raffinose family oligosaccharide,BFO:0000040,material entity
CDNO:0200501,,CDNO:0100033,glucose derived from stachyose derived from raffinose family oligosaccharide,BFO:0000040,material entity
CDNO:0200502,,CDNO:0100034,fructose derived from stachyose derived from raffinose family oligosaccharide,BFO:0000040,material entity
CDNO:0200503,,CDNO:0100035,verbascose derived from rraffinose family oligosaccharide,BFO:0000040,material entity
CDNO:0200504,,CDNO:0100036,galactose derived from verbascose derived from raffinose family oligosaccharide,BFO:0000040,material entity
CDNO:0200505,,CDNO:0100037,glucose derived from verbascose derived from raffinose family oligosaccharide,BFO:0000040,material entity
CDNO:0200506,,CDNO:0100038,fructose derived from verbascose derived from raffinose family oligosaccharide,BFO:0000040,material entity
CDNO:0200507,,CDNO:0100039,glucose derived from cellulose,BFO:0000040,material entity
CDNO:0200508,,CDNO:0100040,mannose derived from mannan derived from hemicellulose,BFO:0000040,material entity
CDNO:0200509,,CDNO:0100041,glucose derived from xylan derived from hemicellulose,BFO:0000040,material entity
CDNO:0200510,,CDNO:0100042,xylose derived from xylan derived from hemicellulose,BFO:0000040,material entity
CDNO:0200511,,CDNO:0100043,glucose derived from xyloglucan derived from hemicellulose,BFO:0000040,material entity
CDNO:0200512,,CDNO:0100044,xylose derived from xyloglucan derived from hemicellulose,BFO:0000040,material entity
CDNO:0200513,,CDNO:0100045,glucose derived from glucomannan derived from hemicellulose,BFO:0000040,material entity
CDNO:0200514,,CDNO:0100046,mannose derived from glucomannan derived from hemicellulose,BFO:0000040,material entity
CDNO:0200515,,CDNO:0100047,arabinose derived from arabinoxylan derived from hemicellulose,BFO:0000040,material entity
CDNO:0200516,,CDNO:0100048,xylose derived from arabinoxylan derived from hemicellulose,BFO:0000040,material entity
CDNO:0200517,,CDNO:0100049,inulin derived from fructan,BFO:0000040,material entity
CDNO:0200518,,CDNO:0100050,fructose derived from inulin derived from fructan,BFO:0000040,material entity
CDNO:0200519,,CDNO:0100051,amino acid derived from protein,BFO:0000040,material entity
CDNO:0200689,,CHEBI:23652,dextrins,BFO:0000040,material entity
CDNO:0200690,,CHEBI:25140,maltodextrin,BFO:0000040,material entity
CDNO:0200691,,CHEBI:23456,cyclodextrin,BFO:0000040,material entity
CDNO:0200692,,CHEBI:84395,amylodextrin,BFO:0000040,material entity
CDNO:0200693,,CHEBI:3523,cellodextrin,BFO:0000040,material entity
CDNO:0200694,,CDNO:0000031,gum,BFO:0000040,material entity
CDNO:0200695,,CHEBI:16966,heteroglycan,BFO:0000040,material entity
CDNO:0200696,,CHEBI:17548,alginic acid,BFO:0000040,material entity
CDNO:0200697,,CHEBI:3435,carrageenan,BFO:0000040,material entity
CDNO:0200698,,CHEBI:37168,ι-carrageenan,BFO:0000040,material entity
CDNO:0200699,,CHEBI:10583,κ-carrageenan,BFO:0000040,material entity
CDNO:0200700,,CHEBI:37167,λ-carrageenan,BFO:0000040,material entity
CDNO:0200701,,CHEBI:189560,xanthan,BFO:0000040,material entity
CDNO:0200702,,CHEBI:24978,ketose,BFO:0000040,material entity
CDNO:0200703,,CHEBI:24973,ketohexose,BFO:0000040,material entity
CDNO:0200704,,CHEBI:33951,psicose,BFO:0000040,material entity
CDNO:0200706,,CHEBI:68428,maltitol,BFO:0000040,material entity
CDNO:0200711,,CHEBI:75323,lactitol,BFO:0000040,material entity
CDNO:0200712,,CHEBI:150326,isomalt,BFO:0000040,material entity
CDNO:0200713,,CHEBI:17113,erythritol,BFO:0000040,material entity
CDNO:0200714,,CHEBI:17522,alditol,BFO:0000040,material entity
CDNO:0200717,,CHEBI:26667,sialic acid,BFO:0000040,material entity
CDNO:0200718,,CHEBI:181906,Polydextrose,BFO:0000040,material entity
CDNO:0200719,,CHEBI:16261,chitosan,BFO:0000040,material entity
CDNO:0200781,,CHEBI:28790,serotonin,BFO:0000040,material entity
CDNO:0200782,,CHEBI:37946,dopamine 3-O-sulfate,BFO:0000040,material entity
CDNO:0200783,,CHEBI:5325,gentisyl alcohol,BFO:0000040,material entity
CDNO:0200784,,CHEBI:71062,quinol sulfate,BFO:0000040,material entity
CDNO:0200785,,CHEBI:17043,biphenyl-2-ol,BFO:0000040,material entity
CDNO:0200786,,CHEBI:41941,"(3,4-dihydroxyphenyl)acetic acid ",BFO:0000040,material entity
CDNO:0200787,,CHEBI:36062,"3,4-dihydroxybenzoic acid ",BFO:0000040,material entity
CDNO:0200788,,CHEBI:17254,4-methylcatechol ,BFO:0000040,material entity
CDNO:0200789,,CHEBI:18404,3-methylcatechol ,BFO:0000040,material entity
CDNO:0200790,,CHEBI:1387,"3,4-dihydroxyphenylethyleneglycol ",BFO:0000040,material entity
CDNO:0200791,,CHEBI:28631,3-phenylpropionic acid ,BFO:0000040,material entity
CDNO:0200792,,CHEBI:28647,3-O-methylgallic acid ,BFO:0000040,material entity
CDNO:0200793,,CHEBI:192499,anthoxanthin ,BFO:0000040,material entity
CDNO:0200794,,CHEBI:24043,flavones,BFO:0000040,material entity
CDNO:0200795,,CHEBI:4630,diosmetin,BFO:0000040,material entity
CDNO:0200796,,CHEBI:18152,myricetin,BFO:0000040,material entity
CDNO:0200797,,CHEBI:24698,hydroxyflavone ,BFO:0000040,material entity
CDNO:0200798,,CHEBI:31788,luteolin 7-O-neohesperidoside ,BFO:0000040,material entity
CDNO:0200799,,CHEBI:28853,isopimpinellin ,BFO:0000040,material entity
CDNO:0200800,,CHEBI:30200,kaempferol 3-O-beta-D-glucoside ,BFO:0000040,material entity
CDNO:0200801,,CHEBI:28527,rutin ,BFO:0000040,material entity
CDNO:0200802,,CHEBI:28327,naringenin 7-O-β-D-glucoside ,BFO:0000040,material entity
CDNO:0200803,,CHEBI:27994,luteolin 7-O-beta-D-glucoside ,BFO:0000040,material entity
CDNO:0200804,,CHEBI:28299,quercetin 3-O-beta-D-glucofuranoside ,BFO:0000040,material entity
CDNO:0200805,,CHEBI:18128,luteolin 7-O-beta-D-glucosiduronic acid ,BFO:0000040,material entity
CDNO:0200806,,CHEBI:16778,apigenin 7-O-beta-D-glucoside ,BFO:0000040,material entity
CDNO:0200807,,CHEBI:17558,quercitrin ,BFO:0000040,material entity
CDNO:0200808,,CHEBI:17846,(S)-naringenin ,BFO:0000040,material entity
CDNO:0200809,,CHEBI:5262,galangin ,BFO:0000040,material entity
CDNO:0200810,,CHEBI:6099,kaempferide ,BFO:0000040,material entity
CDNO:0200811,,CHEBI:6579,luteolin 7-O-(6-O-malonyl-β-D-glucoside) ,BFO:0000040,material entity
CDNO:0200812,,CHEBI:131498,"quercetin 3,4'-di-O-β-D-glucoside ",BFO:0000040,material entity
CDNO:0200813,,CHEBI:131499,"quercetin 7,4'-di-O-β-D-glucoside ",BFO:0000040,material entity
CDNO:0200814,,CHEBI:31743,kaempferol 3-O-β-D-glucosyl-(1→2)-β-D-glucosyl-(1→2)-β-D-glucoside ,BFO:0000040,material entity
CDNO:0200815,,CHEBI:32082,quercetin 3-O-β-D-glucosyl-(1→2)-β-D-glucoside,BFO:0000040,material entity
CDNO:0200816,,CHEBI:6052,isorhamnetin ,BFO:0000040,material entity
CDNO:0200817,,CHEBI:67486,quercetin 3-O-β-D-galactopyranoside ,BFO:0000040,material entity
CDNO:0200818,,CHEBI:16514,"4',5,7-trihydroxy-3'-methoxyflavone ",BFO:0000040,material entity
CDNO:0200819,,CHEBI:31742,kaempferol 3-O-β-D-galactoside ,BFO:0000040,material entity
CDNO:0200820,,CHEBI:42567,fisetin ,BFO:0000040,material entity
CDNO:0200821,,CHEBI:59979,"3',5'-di-O-methyltricetin ",BFO:0000040,material entity
CDNO:0200822,,CHEBI:6553,lucenin-2 ,BFO:0000040,material entity
CDNO:0200823,,CHEBI:68352,quercetin 3-O-β-D-glucopyranoside ,BFO:0000040,material entity
CDNO:0200824,,CHEBI:75721,kaempferol 3-O-glucuronide ,BFO:0000040,material entity
CDNO:0200825,,CHEBI:75839,quercetin 4ʼ-O-β-D-glucopyranoside ,BFO:0000040,material entity
CDNO:0200826,,CHEBI:28802,flavonols ,BFO:0000040,material entity
CDNO:0200827,,CHEBI:17965,isoorientin ,BFO:0000040,material entity
CDNO:0200828,,CHEBI:66395,miquelianin ,BFO:0000040,material entity
CDNO:0200829,,CHEBI:4932,eupatilin ,BFO:0000040,material entity
CDNO:0200830,,CHEBI:3978,cyanin ,BFO:0000040,material entity
CDNO:0200831,,CHEBI:5263,"galangin 3,5,7-trimethyl ether",BFO:0000040,material entity
CDNO:0200832,,CHEBI:35218,anthocyanin cation,BFO:0000040,material entity
CDNO:0200833,,CHEBI:80441,Tulipanin ,BFO:0000040,material entity
CDNO:0200834,,CHEBI:75318,petunidin ,BFO:0000040,material entity
CDNO:0200835,,CHEBI:4308,Dalbergin ,BFO:0000040,material entity
CDNO:0200836,,CHEBI:31967,pelargonidin 3-O-beta-D-glucoside,BFO:0000040,material entity
CDNO:0200837,,CHEBI:74793,peonidin 3-O-β-D-glucoside,BFO:0000040,material entity
CDNO:0200838,,CHEBI:310312,isoliquiritigenin ,BFO:0000040,material entity
CDNO:0200839,,CHEBI:145829,trilobatin ,BFO:0000040,material entity
CDNO:0200840,,CHEBI:15649,"3,6,9-trihydroxypterocarpan",BFO:0000040,material entity
CDNO:0200841,,CHEBI:17556,phaseollidin ,BFO:0000040,material entity
CDNO:0200842,,CHEBI:38701,delphinidin chloride ,BFO:0000040,material entity
CDNO:0200843,,CHEBI:28510,pelargonidin chloride ,BFO:0000040,material entity
CDNO:0200844,,CHEBI:75033,peonidin chloride,BFO:0000040,material entity
CDNO:0200845,,CHEBI:28436,delphinidin,BFO:0000040,material entity
CDNO:0200846,,CHEBI:75314,peonidin ,BFO:0000040,material entity
CDNO:0200847,,CHEBI:24697,hydroxyflavanone ,BFO:0000040,material entity
CDNO:0200848,,CHEBI:38200,astilbin ,BFO:0000040,material entity
CDNO:0200849,,CHEBI:192500,flavanonol,BFO:0000040,material entity
CDNO:0200850,,CHEBI:17948,(+)-taxifolin ,BFO:0000040,material entity
CDNO:0200851,,CHEBI:27587,garbanzol ,BFO:0000040,material entity
CDNO:0200852,,CHEBI:28777,liquiritigenin ,BFO:0000040,material entity
CDNO:0200853,,CHEBI:27679,betagarin ,BFO:0000040,material entity
CDNO:0200854,,CHEBI:15600,(+)-catechin,BFO:0000040,material entity
CDNO:0200855,,CHEBI:4019,Cyclokievitone ,BFO:0000040,material entity
CDNO:0200856,,CHEBI:34741,equol ,BFO:0000040,material entity
CDNO:0200857,,CHEBI:9045,Sayanedine ,BFO:0000040,material entity
CDNO:0200858,,CHEBI:18088,formononetin ,BFO:0000040,material entity
CDNO:0200859,,CHEBI:38756,methoxyisoflavone ,BFO:0000040,material entity
CDNO:0200860,,CHEBI:5972,Irisolidone ,BFO:0000040,material entity
CDNO:0200861,,CHEBI:17574,biochanin A ,BFO:0000040,material entity
CDNO:0200862,,CHEBI:17678,2'-hydroxyformononetin ,BFO:0000040,material entity
CDNO:0200863,,CHEBI:17793,calycosin ,BFO:0000040,material entity
CDNO:0200864,,CHEBI:74957,"4',6,7-trihydroxyisoflavone",BFO:0000040,material entity
CDNO:0200865,,CHEBI:69437,orobol ,BFO:0000040,material entity
CDNO:0200866,,CHEBI:5970,irilone ,BFO:0000040,material entity
CDNO:0200867,,CHEBI:50399,"3',4',7-trihydroxyisoflavone ",BFO:0000040,material entity
CDNO:0200868,,CHEBI:8600,prunetin ,BFO:0000040,material entity
CDNO:0200869,,CHEBI:27479,2'-hydroxydaidzein ,BFO:0000040,material entity
CDNO:0200870,,CHEBI:28620,licoisoflavone A ,BFO:0000040,material entity
CDNO:0200871,,CHEBI:74224,genistein (1-) ,BFO:0000040,material entity
CDNO:0200872,,CHEBI:192501,sanguiin H6 ,BFO:0000040,material entity
CDNO:0200873,,CHEBI:192502,lambertianin C ,BFO:0000040,material entity
CDNO:0200874,,CHEBI:167695,punicalagin ,BFO:0000040,material entity
CDNO:0200875,,CHEBI:167696,Punicalin ,BFO:0000040,material entity
CDNO:0200876,,CHEBI:581177,agrimoniin ,BFO:0000040,material entity
CDNO:0200877,,CHEBI:9522,theogallin ,BFO:0000040,material entity
CDNO:0200878,,CHEBI:69304,cinnamtannin B-1 ,BFO:0000040,material entity
CDNO:0200879,,CHEBI:9518,theasinensin A ,BFO:0000040,material entity
CDNO:0200880,,CHEBI:192503,arecatannin a2 ,BFO:0000040,material entity
CDNO:0200881,,CHEBI:9048,Schisantherin A ,BFO:0000040,material entity
CDNO:0200882,,CHEBI:9454,Terminalin ,BFO:0000040,material entity
CDNO:0200883,,CHEBI:123,(-)-Variabilin ,BFO:0000040,material entity
CDNO:0200884,,CHEBI:3461,Casuarictin ,BFO:0000040,material entity
CDNO:0200885,,CHEBI:3462,Casuarinin ,BFO:0000040,material entity
CDNO:0200886,,CHEBI:3584,Chebulinic acid ,BFO:0000040,material entity
CDNO:0200887,,CHEBI:5180,Fucofuroeckol B ,BFO:0000040,material entity
CDNO:0200888,,CHEBI:5328,Geraniin ,BFO:0000040,material entity
CDNO:0200889,,CHEBI:7948,Pedunculagin ,BFO:0000040,material entity
CDNO:0200890,,CHEBI:9433,Tellimagrandin I ,BFO:0000040,material entity
CDNO:0200891,,CHEBI:30763,4-hydroxybenzoic acid ,BFO:0000040,material entity
CDNO:0200892,,CHEBI:30764,3-hydroxybenzoic acid ,BFO:0000040,material entity
CDNO:0200893,,CHEBI:18026,"2,3-dihydroxybenzoic acid ",BFO:0000040,material entity
CDNO:0200894,,CHEBI:17189,"2,5-dihydroxybenzoic acid ",BFO:0000040,material entity
CDNO:0200895,,CHEBI:68465,"2,6-dihydroxybenzoic acid ",BFO:0000040,material entity
CDNO:0200896,,CHEBI:165217,"2,4,6-Trihydroxybenzoic acid ",BFO:0000040,material entity
CDNO:0200897,,CHEBI:63798,3-hydroxy-4-methoxybenzoic acid ,BFO:0000040,material entity
CDNO:0200898,,CHEBI:10607,n-propyl gallate ,BFO:0000040,material entity
CDNO:0200899,,CHEBI:27881,resveratrol ,BFO:0000040,material entity
CDNO:0200900,,CHEBI:8630,pterostilbene ,BFO:0000040,material entity
CDNO:0200901,,CHEBI:28794,coumarin ,BFO:0000040,material entity
CDNO:0200902,,CHEBI:27510,umbelliferone ,BFO:0000040,material entity
CDNO:0200903,,CHEBI:32374,trans-4-coumaric acid ,BFO:0000040,material entity
CDNO:0200904,,CHEBI:32357,trans-3-coumaric acid,BFO:0000040,material entity
CDNO:0200905,,CHEBI:16433,trans-caffeic acid ,BFO:0000040,material entity
CDNO:0200906,,CHEBI:17226,rosmarinic acid ,BFO:0000040,material entity
CDNO:0200907,,CHEBI:50371,(R)-rosmarinic acid ,BFO:0000040,material entity
CDNO:0200908,,CHEBI:17395,cis-caffeic acid ,BFO:0000040,material entity
CDNO:0200909,,CHEBI:9647,Trachelogenin ,BFO:0000040,material entity
CDNO:0200910,,CHEBI:18224,isoeugenol ,BFO:0000040,material entity
CDNO:0200911,,CHEBI:1904,4-methylumbelliferone β-D-glucuronide,BFO:0000040,material entity
CDNO:0200912,,CHEBI:1905,4-methylumbelliferone sulfate,BFO:0000040,material entity
CDNO:0200913,,CHEBI:28184,7-ethoxycoumarin ,BFO:0000040,material entity
CDNO:0200914,,CHEBI:4853,esculin ,BFO:0000040,material entity
CDNO:0200915,,CHEBI:9055,scoparone ,BFO:0000040,material entity
CDNO:0200916,,CHEBI:16547,coniferyl aldehyde ,BFO:0000040,material entity
CDNO:0200917,,CHEBI:23245,cinnamaldehydes,BFO:0000040,material entity
CDNO:0200918,,CHEBI:28177,theophylline ,BFO:0000040,material entity
CDNO:0200919,,CHEBI:9188,solanine ,BFO:0000040,material entity
CDNO:0200920,,CHEBI:9630,tomatine ,BFO:0000040,material entity
CDNO:0200921,,CHEBI:28821,piperine ,BFO:0000040,material entity
CDNO:0200922,,CHEBI:10136,gingerol ,BFO:0000040,material entity
CDNO:0200923,,CHEBI:5623,harman ,BFO:0000040,material entity
CDNO:0200924,,CHEBI:5764,hordenine ,BFO:0000040,material entity
CDNO:0200925,,CHEBI:5985,Isobetanin ,BFO:0000040,material entity
CDNO:0200926,,CHEBI:8186,Physoperuvine ,BFO:0000040,material entity
CDNO:0200927,,CHEBI:8367,Prebetanin ,BFO:0000040,material entity
CDNO:0200928,,CHEBI:85533,trans-4-hydroxy-L-proline betaine,BFO:0000040,material entity
CDNO:0200929,,CHEBI:5769,humulone ,BFO:0000040,material entity
CDNO:0200930,,CHEBI:8870,Rishitin ,BFO:0000040,material entity
CDNO:0200931,,CHEBI:16997,"propane-1,2-diol ",BFO:0000040,material entity
CDNO:0200932,,CHEBI:17268,myo-inositol,BFO:0000040,material entity
CDNO:0200933,,CHEBI:28600),farnesol ,BFO:0000040,material entity
CDNO:0200934,,CHEBI:28283),capsidiol ,BFO:0000040,material entity
CDNO:0200935,,CHEBI:4038),Cynaropicrin ,BFO:0000040,material entity
CDNO:0200936,,CHEBI:5993),Isocaryophyllene ,BFO:0000040,material entity
CDNO:0200937,,CHEBI:61700,(+)-valencene,BFO:0000040,material entity
CDNO:0200938,,CHEBI:6360),Lactupicrin ,BFO:0000040,material entity
CDNO:0200939,,CHEBI:6699),Matricin ,BFO:0000040,material entity
CDNO:0200940,,CHEBI:7603),Nobilin ,BFO:0000040,material entity
CDNO:0200941,,CHEBI:81377,(+)-nootkatone ,BFO:0000040,material entity
CDNO:0200942,,CHEBI:90275),lactucopicrin ,BFO:0000040,material entity
CDNO:0200943,,CHEBI:9698,Tricyclodehydroisohumulone,BFO:0000040,material entity
CDNO:0200944,,CHEBI:3918,crocetin ,BFO:0000040,material entity
CDNO:0200945,,CHEBI:5920,Ineketone ,BFO:0000040,material entity
CDNO:0200946,,CHEBI:7623,Norbixin ,BFO:0000040,material entity
CDNO:0200947,,CHEBI:8046,Phaseoloside D ,BFO:0000040,material entity
CDNO:0200948,,CHEBI:9271,stevioside ,BFO:0000040,material entity
CDNO:0200949,,CHEBI:145027,steviol glycoside ,BFO:0000040,material entity
CDNO:0200950,,CHEBI:3429,Carnosol ,BFO:0000040,material entity
CDNO:0200951,,CHEBI:65585,carnosic acid,BFO:0000040,material entity
CDNO:0200952,,CHEBI:26660,sesterterpenoid ,BFO:0000040,material entity
CDNO:0200953,,CHEBI:2936,Avenacin B-2,BFO:0000040,material entity
CDNO:0200954,,CHEBI:30853,glycyrrhetinic acid ,BFO:0000040,material entity
CDNO:0200955,,CHEBI:3087,betulinic acid ,BFO:0000040,material entity
CDNO:0200956,,CHEBI:3942,Cucurbitacin C ,BFO:0000040,material entity
CDNO:0200957,,CHEBI:4629,diosgenin,BFO:0000040,material entity
CDNO:0200958,,CHEBI:67939,erythrodiol ,BFO:0000040,material entity
CDNO:0200959,,CHEBI:67991,(20S)-ginsenoside Rg3,BFO:0000040,material entity
CDNO:0200960,,CHEBI:7609,nomilin ,BFO:0000040,material entity
CDNO:0200961,,CHEBI:7713,Obacunone ,BFO:0000040,material entity
CDNO:0200962,,CHEBI:77151,ginsenoside Rg2 ,BFO:0000040,material entity
CDNO:0200963,,CHEBI:77152,ginsenoside Rb2 ,BFO:0000040,material entity
CDNO:0200964,,CHEBI:77154,ginsenoside Rc,BFO:0000040,material entity
CDNO:0200965,,CHEBI:9209,soyasapogenol B ,BFO:0000040,material entity
CDNO:0200966,,CHEBI:9210,Soyasaponin A1,BFO:0000040,material entity
CDNO:0200967,,CHEBI:9908,ursolic acid ,BFO:0000040,material entity
CDNO:0200968,,CHEBI:8191,all-trans-phytoene ,BFO:0000040,material entity
CDNO:0200969,,CHEBI:27448,"lutein 5,6-epoxide",BFO:0000040,material entity
CDNO:0200970,,CHEBI:27867,antheraxanthin ,BFO:0000040,material entity
CDNO:0200971,,CHEBI:32446,all-trans-neoxanthin ,BFO:0000040,material entity
CDNO:0200972,,CHEBI:3362,canthaxanthin ,BFO:0000040,material entity
CDNO:0200973,,CHEBI:3375,capsanthin ,BFO:0000040,material entity
CDNO:0200974,,CHEBI:3378,capsorubin ,BFO:0000040,material entity
CDNO:0200975,,CHEBI:35288,all-trans-violaxanthin ,BFO:0000040,material entity
CDNO:0200976,,CHEBI:40968,astaxanthin ,BFO:0000040,material entity
CDNO:0200977,,CHEBI:4746,echinenone ,BFO:0000040,material entity
CDNO:0200978,,CHEBI:5087,Flavoxanthin ,BFO:0000040,material entity
CDNO:0200979,,CHEBI:5186,fucoxanthin ,BFO:0000040,material entity
CDNO:0200980,,CHEBI:6357,lactucaxanthin ,BFO:0000040,material entity
CDNO:0200981,,CHEBI:65244,zeinoxanthin ,BFO:0000040,material entity
CDNO:0200982,,CHEBI:6602,lycoxanthin ,BFO:0000040,material entity
CDNO:0200983,,CHEBI:7037,Mutatochrome ,BFO:0000040,material entity
CDNO:0200984,,CHEBI:8183,Physalien ,BFO:0000040,material entity
CDNO:0200985,,CHEBI:8907,rubixanthin ,BFO:0000040,material entity
CDNO:0200986,,CHEBI:7889,paeoniflorin ,BFO:0000040,material entity
CDNO:0200987,,CHEBI:10086,Yamogenin ,BFO:0000040,material entity
CDNO:0200988,,CHEBI:145012,rebaudioside A,BFO:0000040,material entity
CDNO:0200989,,CHEBI:145013,rebaudioside B (1-),BFO:0000040,material entity
CDNO:0200990,,CHEBI:145018,rebaudioside E ,BFO:0000040,material entity
CDNO:0200991,,CHEBI:145022,rebaudioside D ,BFO:0000040,material entity
CDNO:0200992,,CHEBI:15035,retinal ,BFO:0000040,material entity
CDNO:0200993,,CHEBI:45487,13-cis-retinal,BFO:0000040,material entity
CDNO:0200994,,CHEBI:15396,(R)-camphor ,BFO:0000040,material entity
CDNO:0200995,,CHEBI:15398,(+)-exo-5-hydroxycamphor,BFO:0000040,material entity
CDNO:0200996,,CHEBI:15399,(+)-carvone,BFO:0000040,material entity
CDNO:0200997,,CHEBI:15420,perillyl alcohol ,BFO:0000040,material entity
CDNO:0200998,,CHEBI:10782,(S)-(-)-perillyl alcohol,BFO:0000040,material entity
CDNO:0200999,,CHEBI:15939,glycyrrhizinic acid,BFO:0000040,material entity
CDNO:0201000,,CHEBI:16226,limonin ,BFO:0000040,material entity
CDNO:0201001,,CHEBI:165,"(1S,4R)-fenchone",BFO:0000040,material entity
CDNO:0201002,,CHEBI:17219,"limonene-1,2-diol ",BFO:0000040,material entity
CDNO:0201003,,CHEBI:17327,phytol ,BFO:0000040,material entity
CDNO:0201004,,CHEBI:17407,"2-trans,6-trans-farnesyl diphosphate ",BFO:0000040,material entity
CDNO:0201005,,CHEBI:17447,geraniol ,BFO:0000040,material entity
CDNO:0201006,,CHEBI:17898,all-trans-retinal ,BFO:0000040,material entity
CDNO:0201007,,CHEBI:2366,absinthin ,BFO:0000040,material entity
CDNO:0201008,,CHEBI:25459,myrtenic acid ,BFO:0000040,material entity
CDNO:0201009,,CHEBI:27408,avenacin A-1 ,BFO:0000040,material entity
CDNO:0201010,,CHEBI:27774,lubimin ,BFO:0000040,material entity
CDNO:0201011,,CHEBI:27961,"1,8-cineole ",BFO:0000040,material entity
CDNO:0201012,,CHEBI:28093,borneol ,BFO:0000040,material entity
CDNO:0201013,,CHEBI:2961,Azukisaponin III ,BFO:0000040,material entity
CDNO:0201014,,CHEBI:90236,"(2E,6E)-farnesyl monophosphate ",BFO:0000040,material entity
CDNO:0201015,,CHEBI:9211,soyasaponin I ,BFO:0000040,material entity
CDNO:0201016,,CHEBI:9228,Spinasaponin A ,BFO:0000040,material entity
CDNO:0201017,,CHEBI:9517,Theasaponin ,BFO:0000040,material entity
CDNO:0201018,,CHEBI:9577,(−)-α-thujone ,BFO:0000040,material entity
CDNO:0201019,,CHEBI:32980,phloretic acid,BFO:0000040,material entity
CDNO:0201020,,CHEBI:83820,amino acid derived from non-proteinacious,BFO:0000040,material entity
CDNO:0201021,,CHEBI:18211,citrulline ,BFO:0000040,material entity
CDNO:0201022,,CHEBI:18257,ornithine ,BFO:0000040,material entity
CDNO:0201023,,CHEBI:24279,glucosinolate ,BFO:0000040,material entity
CDNO:0201024,,CHEBI:5396,glucoberteroin(1-) ,BFO:0000040,material entity
CDNO:0201025,,CHEBI:5399,glucocapparin(1-) ,BFO:0000040,material entity
CDNO:0201026,,CHEBI:5402,glucocochlearin(1-) ,BFO:0000040,material entity
CDNO:0201027,,CHEBI:5404,glucoerucin(1-),BFO:0000040,material entity
CDNO:0201028,,CHEBI:5407,glucoiberverin(1-),BFO:0000040,material entity
CDNO:0201029,,CHEBI:5411,gluconapin(1-) ,BFO:0000040,material entity
CDNO:0201030,,CHEBI:5412,gluconapoleiferin(1-),BFO:0000040,material entity
CDNO:0201031,,CHEBI:5413,gluconasturtiin(1-),BFO:0000040,material entity
CDNO:0201032,,CHEBI:5414,glucoputranjivin(1-) ,BFO:0000040,material entity
CDNO:0201033,,CHEBI:5416,glucoraphenin(1-) ,BFO:0000040,material entity
CDNO:0201034,,CHEBI:64962,glucobrassicin(1-) ,BFO:0000040,material entity
CDNO:0201035,,CHEBI:8454,progoitrin(1−) ,BFO:0000040,material entity
CDNO:0201036,,CHEBI:9151,Sinalbin ,BFO:0000040,material entity
CDNO:0201037,,CHEBI:9162,sinigrin(1-) ,BFO:0000040,material entity
CDNO:0201038,,CHEBI:78802,diarylheptanoid ,BFO:0000040,material entity
CDNO:0201039,,CHEBI:141540,myricanone ,BFO:0000040,material entity